"file","count"
"C:\\Users\\user\\Documents\\frontend\\lib\\localization\\demo_localization.dart","83"
"C:\\Users\\user\\Documents\\frontend\\lib\\features\\favourites\\pages\\favourites_page\\favourites_page\\teams\\teams_statistics_page.dart","82"
"C:\\Users\\user\\Documents\\frontend\\lib\\features\\favourites\\pages\\favourites_page\\favourites_page\\player\\details\\playerDetails.dart","61"
"C:\\Users\\user\\Documents\\frontend\\lib\\features\\favourites\\pages\\favourites_page\\favourites_page\\player\\playerProfilePage.dart","60"
"C:\\Users\\user\\Documents\\frontend\\lib\\main.dart","58"
"C:\\Users\\user\\Documents\\frontend\\lib\\models\\details.dart","53"
"C:\\Users\\user\\Documents\\frontend\\lib\\features\\navigation\\pages\\navigation_draw.dart","49"
"C:\\Users\\user\\Documents\\frontend\\lib\\state\\application\\following\\following_bloc.dart","49"
"C:\\Users\\user\\Documents\\frontend\\lib\\apptheme.dart","49"
"C:\\Users\\user\\Documents\\frontend\\lib\\features\\favourites\\pages\\favourites_page\\favourites_page\\teams\\teams_page_standing.dart","46"
"C:\\Users\\user\\Documents\\frontend\\lib\\features\\favourites\\pages\\favourites_page\\team\\teams_choosing_fav.dart","41"
"C:\\Users\\user\\Documents\\frontend\\lib\\features\\matches\\pages\\matches\\matchDetail.dart","39"
"C:\\Users\\user\\Documents\\frontend\\lib\\features\\news\\pages\\news\\main_news\\news_detail.dart","38"
"C:\\Users\\user\\Documents\\frontend\\lib\\features\\news\\pages\\news\\transfer_news\\top_transfer\\transferpage.dart","37"
"C:\\Users\\user\\Documents\\frontend\\lib\\features\\payment\\pages\\chapa_payment.dart","35"
"C:\\Users\\user\\Documents\\frontend\\lib\\features\\onboarding\\pages\\choos_fav_players_list.dart","35"
"C:\\Users\\user\\Documents\\frontend\\lib\\features\\matches\\pages\\matches\\match_detail\\match_info_tab.dart","34"
"C:\\Users\\user\\Documents\\frontend\\lib\\features\\navigation\\pages\\settings_page.dart","34"
"C:\\Users\\user\\Documents\\frontend\\lib\\components\\routes.dart","31"
"C:\\Users\\user\\Documents\\frontend\\lib\\features\\navigation\\pages\\quiz\\quiz.dart","31"
"C:\\Users\\user\\Documents\\frontend\\lib\\features\\favourites\\pages\\favourites_page\\favourites_page\\player\\playerTab.dart","31"
"C:\\Users\\user\\Documents\\frontend\\lib\\features\\favourites\\pages\\favourites_page\\team\\team_profile_page.dart","29"
"C:\\Users\\user\\Documents\\frontend\\lib\\features\\matches\\pages\\matches\\match_detail\\lineups.dart","29"
"C:\\Users\\user\\Documents\\frontend\\lib\\features\\onboarding\\pages\\team_list_page.dart","28"
"C:\\Users\\user\\Documents\\frontend\\lib\\features\\favourites\\pages\\favourites_page\\favourites_page\\player\\matches_view\\matches\\previous_and_next_matches_of_team.dart","28"
"C:\\Users\\user\\Documents\\frontend\\lib\\features\\favourites\\pages\\favourites_page\\team\\teamTab.dart","27"
"C:\\Users\\user\\Documents\\frontend\\lib\\features\\enadamt\\pages\\enadamt\\program_detail_page.dart","26"
"C:\\Users\\user\\Documents\\frontend\\lib\\features\\news\\pages\\news\\main_news\\news_feed.dart","26"
"C:\\Users\\user\\Documents\\frontend\\lib\\features\\auth\\pages\\upload_profile_pic_page.dart","25"
"C:\\Users\\user\\Documents\\frontend\\lib\\features\\tv\\pages\\Tv\\highlight\\Highlight_player.dart","25"
"C:\\Users\\user\\Documents\\frontend\\lib\\state\\bloc\\standings\\bloc\\content_state.dart","25"
"C:\\Users\\user\\Documents\\frontend\\lib\\state\\bloc\\mirchaweche\\players\\player_teammates\\teammates_bloc.dart","24"
"C:\\Users\\user\\Documents\\frontend\\lib\\features\\favourites\\pages\\favourites_page\\favourites_page\\player\\player_search_page.dart","24"
"C:\\Users\\user\\Documents\\frontend\\lib\\features\\navigation\\pages\\notifications_page.dart","23"
"C:\\Users\\user\\Documents\\frontend\\lib\\data\\repositories\\matches_repository.dart","23"
"C:\\Users\\user\\Documents\\frontend\\lib\\features\\favourites\\pages\\favourites_page\\favourites_page\\teams\\team_squad_page.dart","23"
"C:\\Users\\user\\Documents\\frontend\\lib\\features\\auth\\pages\\profile.dart","23"
"C:\\Users\\user\\Documents\\frontend\\lib\\features\\standing\\pages\\standing\\leagues_page\\shared_pages\\SharedLeagueScreen.dart","22"
"C:\\Users\\user\\Documents\\frontend\\lib\\Homepage.dart","22"
"C:\\Users\\user\\Documents\\frontend\\lib\\features\\enadamt\\pages\\enadamt\\live_audio_player.dart","21"
"C:\\Users\\user\\Documents\\frontend\\lib\\features\\news\\pages\\news\\transfer_news\\top_transfer\\transfer\\transfer_widget.dart","21"
"C:\\Users\\user\\Documents\\frontend\\lib\\state\\bloc\\live-tv-player_bloc-state-event\\video_player_bloc.dart","21"
"C:\\Users\\user\\Documents\\frontend\\lib\\features\\navigation\\pages\\quiz\\quiz_model.dart","21"
"C:\\Users\\user\\Documents\\frontend\\lib\\features\\standing\\pages\\standing\\leagues_page\\Standing\\fullView.dart","21"
"C:\\Users\\user\\Documents\\frontend\\lib\\features\\favourites\\pages\\favourites_page\\favourites_page\\player\\statistics\\player_statistics.dart","21"
"C:\\Users\\user\\Documents\\frontend\\lib\\features\\standing\\pages\\standing\\leagues_page\\Standing\\formView.dart","20"
"C:\\Users\\user\\Documents\\frontend\\lib\\features\\standing\\pages\\standing\\leagues_page\\shared_pages\\shared_league_standing.dart","20"
"C:\\Users\\user\\Documents\\frontend\\lib\\shared\\widgets\\match_detail\\substitutes.dart","20"
"C:\\Users\\user\\Documents\\frontend\\lib\\features\\auth\\pages\\passcode.dart","20"
"C:\\Users\\user\\Documents\\frontend\\lib\\features\\standing\\pages\\standing\\leagues_page\\Multiple_Table_Leagues\\Multiple_table_standing_view.dart","19"
"C:\\Users\\user\\Documents\\frontend\\lib\\features\\standing\\pages\\standing\\leagues_page\\Multiple_Table_Leagues\\multiple_table_league_screen.dart","19"
"C:\\Users\\user\\Documents\\frontend\\lib\\features\\standing\\pages\\standing\\leagues_page\\pagedown\\round16.dart","18"
"C:\\Users\\user\\Documents\\frontend\\lib\\features\\onboarding\\pages\\top_of_teamslist_choose.dart","18"
"C:\\Users\\user\\Documents\\frontend\\lib\\features\\standing\\pages\\standing\\leagues_page\\pageup\\round_16.dart","18"
"C:\\Users\\user\\Documents\\frontend\\lib\\models\\Matches_model.dart","18"
"C:\\Users\\user\\Documents\\frontend\\lib\\features\\matches\\pages\\matches\\matches.dart","18"
"C:\\Users\\user\\Documents\\frontend\\lib\\features\\favourites\\pages\\favourites_page\\favourites_page\\player\\details\\squad_list.dart","17"
"C:\\Users\\user\\Documents\\frontend\\lib\\features\\matches\\pages\\matches\\match_detail\\H2HMatchList.dart","17"
"C:\\Users\\user\\Documents\\frontend\\lib\\features\\matches\\pages\\matches\\match_results_list.dart","16"
"C:\\Users\\user\\Documents\\frontend\\lib\\features\\news\\pages\\news\\foryou\\foryou.dart","15"
"C:\\Users\\user\\Documents\\frontend\\lib\\features\\tv\\pages\\Tv\\highlight\\highlight.dart","15"
"C:\\Users\\user\\Documents\\frontend\\lib\\features\\leagues\\pages\\league_top_players.dart","14"
"C:\\Users\\user\\Documents\\frontend\\lib\\features\\standing\\pages\\standing\\leagues_page\\fixtures\\fixtures_view.dart","14"
"C:\\Users\\user\\Documents\\frontend\\lib\\state\\bloc\\mirchaweche\\teams\\previous&next_matchs\\matches_bloc.dart","14"
"C:\\Users\\user\\Documents\\frontend\\lib\\features\\news\\pages\\news\\transfer_news\\top_transfer\\transfer\\All_transfer.dart","13"
"C:\\Users\\user\\Documents\\frontend\\lib\\state\\bloc\\standings\\bloc\\content_bloc.dart","13"
"C:\\Users\\user\\Documents\\frontend\\lib\\features\\tv\\pages\\Tv\\live_tv\\live_tv.dart","13"
"C:\\Users\\user\\Documents\\frontend\\lib\\features\\enadamt\\pages\\enadamt\\podcast_card.dart","13"
"C:\\Users\\user\\Documents\\frontend\\lib\\state\\application\\set_preference\\set_preference_bloc.dart","13"
"C:\\Users\\user\\Documents\\frontend\\lib\\features\\navigation\\pages\\quiz\\question_widget.dart","13"
"C:\\Users\\user\\Documents\\frontend\\lib\\features\\favourites\\pages\\favourites_page\\favourites_page\\player\\details\\details_row.dart","12"
"C:\\Users\\user\\Documents\\frontend\\lib\\features\\auth\\pages\\phone_login.dart","12"
"C:\\Users\\user\\Documents\\frontend\\lib\\features\\standing\\pages\\standing\\standings_page.dart","12"
"C:\\Users\\user\\Documents\\frontend\\lib\\features\\standing\\pages\\standing\\leagues_page\\wc_qualification\\continents.dart","12"
"C:\\Users\\user\\Documents\\frontend\\lib\\features\\onboarding\\pages\\introduction_page.dart","12"
"C:\\Users\\user\\Documents\\frontend\\lib\\features\\standing\\pages\\standing\\leagues_page\\shared_pages\\shared_leagues_table_view.dart","12"
"C:\\Users\\user\\Documents\\frontend\\lib\\state\\bloc\\social_media\\social_media_bloc.dart","11"
"C:\\Users\\user\\Documents\\frontend\\lib\\features\\tv\\pages\\Tv\\highlight\\highlight-other-card.dart","11"
"C:\\Users\\user\\Documents\\frontend\\lib\\features\\payment\\pages\\phone_pay.dart","11"
"C:\\Users\\user\\Documents\\frontend\\lib\\features\\matches\\pages\\matches\\match_detail\\stat\\team_stat.dart","11"
"C:\\Users\\user\\Documents\\frontend\\lib\\features\\enadamt\\pages\\enadamt\\enadamt_new.dart","11"
"C:\\Users\\user\\Documents\\frontend\\lib\\features\\standing\\pages\\standing\\leagues_page\\pagedown\\semi_final.dart","10"
"C:\\Users\\user\\Documents\\frontend\\lib\\features\\standing\\pages\\standing\\leagues_page\\pageup\\semi_final.dart","10"
"C:\\Users\\user\\Documents\\frontend\\lib\\features\\standing\\pages\\standing\\leagues_page\\Multiple_Table_Leagues\\multiple_table_table_view.dart","10"
"C:\\Users\\user\\Documents\\frontend\\lib\\features\\payment\\pages\\payment_page.dart","10"
"C:\\Users\\user\\Documents\\frontend\\lib\\features\\auth\\pages\\login.dart","10"
"C:\\Users\\user\\Documents\\frontend\\lib\\features\\tv\\pages\\Tv\\live_tv\\live-special-card.dart","10"
"C:\\Users\\user\\Documents\\frontend\\lib\\services\\fcm_service.dart","9"
"C:\\Users\\user\\Documents\\frontend\\lib\\presentation\\userPreferencesPage.dart","9"
"C:\\Users\\user\\Documents\\frontend\\lib\\features\\favourites\\pages\\favourites_page\\favourites_page\\player\\statistics\\stat_drop_down.dart","9"
"C:\\Users\\user\\Documents\\frontend\\lib\\features\\leagues\\pages\\League_news.dart","9"
"C:\\Users\\user\\Documents\\frontend\\lib\\features\\news\\pages\\news\\main_news\\widgets\\podcast_live_floating.dart","9"
"C:\\Users\\user\\Documents\\frontend\\lib\\state\\bloc\\availableSeasons\\available_seasons_bloc.dart","9"
"C:\\Users\\user\\Documents\\frontend\\lib\\features\\tv\\pages\\Tv\\highlight\\highlight-special-card.dart","9"
"C:\\Users\\user\\Documents\\frontend\\lib\\features\\tv\\pages\\Tv\\tv.dart","9"
"C:\\Users\\user\\Documents\\frontend\\lib\\data\\repositories\\news_repository.dart","8"
"C:\\Users\\user\\Documents\\frontend\\lib\\features\\news\\pages\\news\\transfer_news\\top_transfer\\transfer\\Transfertab.dart","8"
"C:\\Users\\user\\Documents\\frontend\\lib\\features\\news\\pages\\news\\transfer_news\\top_transfer\\transfer\\transfer_bloc.dart","8"
"C:\\Users\\user\\Documents\\frontend\\lib\\features\\leagues\\pages\\scorer_row.dart","8"
"C:\\Users\\user\\Documents\\frontend\\lib\\features\\matches\\pages\\matches\\leagueMatchesView.dart","8"
"C:\\Users\\user\\Documents\\frontend\\lib\\features\\news\\pages\\news\\main_news\\widgets\\player_news.dart","8"
"C:\\Users\\user\\Documents\\frontend\\lib\\features\\news\\pages\\news\\foryou\\horizontal_scroll_for_you.dart","8"
"C:\\Users\\user\\Documents\\frontend\\lib\\features\\auth\\pages\\country_picker.dart","8"
"C:\\Users\\user\\Documents\\frontend\\lib\\features\\news\\pages\\news\\saved_news.dart","8"
"C:\\Users\\user\\Documents\\frontend\\lib\\features\\news\\pages\\news\\main_news\\widgets\\team_news.dart","8"
"C:\\Users\\user\\Documents\\frontend\\lib\\state\\bloc\\news\\news_cache_manager.dart","8"
"C:\\Users\\user\\Documents\\frontend\\lib\\shared\\widgets\\match_detail\\homeandawayTeamScore.dart","8"
"C:\\Users\\user\\Documents\\frontend\\lib\\features\\tv\\pages\\Tv\\live_tv\\live-other-card.dart","8"
"C:\\Users\\user\\Documents\\frontend\\lib\\state\\application\\matchdetail\\head_to_head\\head_to_head_bloc.dart","8"
"C:\\Users\\user\\Documents\\frontend\\lib\\models\\ads.dart","8"
"C:\\Users\\user\\Documents\\frontend\\lib\\features\\onboarding\\pages\\entrypage.dart","8"
"C:\\Users\\user\\Documents\\frontend\\lib\\features\\leagues\\pages\\player_details_dialog.dart","8"
"C:\\Users\\user\\Documents\\frontend\\lib\\shared\\widgets\\custom_app_bar.dart","8"
"C:\\Users\\user\\Documents\\frontend\\lib\\features\\onboarding\\pages\\team.dart","8"
"C:\\Users\\user\\Documents\\frontend\\lib\\features\\navigation\\pages\\user_notifications.dart","7"
"C:\\Users\\user\\Documents\\frontend\\lib\\state\\application\\Favourite_team\\favouriteteam_bloc.dart","7"
"C:\\Users\\user\\Documents\\frontend\\lib\\features\\standing\\pages\\standing\\leagues_page\\fixtures\\fixures_list.dart","7"
"C:\\Users\\user\\Documents\\frontend\\lib\\features\\onboarding\\pages\\device_info.dart","7"
"C:\\Users\\user\\Documents\\frontend\\lib\\features\\payment\\pages\\notification_payment.dart","7"
"C:\\Users\\user\\Documents\\frontend\\lib\\state\\bloc\\mirchaweche\\my_fav\\my_fav_team\\myfavouriteteams_bloc.dart","7"
"C:\\Users\\user\\Documents\\frontend\\lib\\features\\standing\\pages\\standing\\leagues_page\\Standing\\formItem_last_5.dart","7"
"C:\\Users\\user\\Documents\\frontend\\lib\\shared\\widgets\\match_detail\\lineupWgt.dart","7"
"C:\\Users\\user\\Documents\\frontend\\lib\\features\\standing\\pages\\standing\\leagues_page\\pagedown\\quarterfinal.dart","7"
"C:\\Users\\user\\Documents\\frontend\\lib\\data\\repositories\\standing_repo.dart","7"
"C:\\Users\\user\\Documents\\frontend\\lib\\features\\standing\\pages\\standing\\leagues_page\\top_scorers\\top_red_card.dart","7"
"C:\\Users\\user\\Documents\\frontend\\lib\\models\\fixtures\\stat.dart","7"
"C:\\Users\\user\\Documents\\frontend\\lib\\state\\application\\favourite_player\\PlayerSelection_bloc.dart","7"
"C:\\Users\\user\\Documents\\frontend\\lib\\features\\tv\\pages\\Tv\\live_tv\\live_tv_player.dart","7"
"C:\\Users\\user\\Documents\\frontend\\lib\\features\\favourites\\pages\\favourites_page\\favourites_page\\player\\matches_view\\matches\\matches_view.dart","7"
"C:\\Users\\user\\Documents\\frontend\\lib\\shared\\widgets\\match_detail\\details\\shots.dart","6"
"C:\\Users\\user\\Documents\\frontend\\lib\\features\\news\\pages\\news\\main_news\\widgets\\recent_highlights_section.dart","6"
"C:\\Users\\user\\Documents\\frontend\\lib\\features\\matches\\pages\\matches\\match_detail\\head_to_head.dart","6"
"C:\\Users\\user\\Documents\\frontend\\lib\\state\\application\\auth\\auth_bloc.dart","6"
"C:\\Users\\user\\Documents\\frontend\\lib\\features\\favourites\\pages\\favourites_page\\favourites_page\\teams\\last_five_matches.dart","6"
"C:\\Users\\user\\Documents\\frontend\\lib\\features\\payment\\pages\\payment_choice.dart","6"
"C:\\Users\\user\\Documents\\frontend\\lib\\features\\standing\\pages\\standing\\leagues_page\\top_scorers\\top_scorers.dart","6"
"C:\\Users\\user\\Documents\\frontend\\lib\\features\\news\\pages\\news\\main_news\\news_row.dart","6"
"C:\\Users\\user\\Documents\\frontend\\lib\\state\\bloc\\mirchaweche\\my_fav\\my_fav_player\\myfavourite_players_bloc.dart","6"
"C:\\Users\\user\\Documents\\frontend\\lib\\features\\news\\pages\\news\\main_news\\widgets\\headline.dart","6"
"C:\\Users\\user\\Documents\\frontend\\lib\\features\\navigation\\pages\\quiz\\quiz_progress_bar.dart","6"
"C:\\Users\\user\\Documents\\frontend\\lib\\features\\standing\\pages\\standing\\leagues_page\\pageup\\quarter_final.dart","6"
"C:\\Users\\user\\Documents\\frontend\\lib\\state\\bloc\\mirchaweche\\teams\\team_profile_standing\\team_profile_standing_bloc.dart","6"
"C:\\Users\\user\\Documents\\frontend\\lib\\features\\standing\\pages\\standing\\leagues_page\\top_scorers\\top_assists.dart","6"
"C:\\Users\\user\\Documents\\frontend\\lib\\shared\\widgets\\match_detail\\details\\possession.dart","6"
"C:\\Users\\user\\Documents\\frontend\\lib\\features\\standing\\pages\\standing\\leagues_page\\pagedown\\thirdplace.dart","6"
"C:\\Users\\user\\Documents\\frontend\\lib\\features\\auth\\pages\\image_selector.dart","6"
"C:\\Users\\user\\Documents\\frontend\\lib\\state\\bloc\\news\\news_state.dart","5"
"C:\\Users\\user\\Documents\\frontend\\lib\\features\\standing\\pages\\standing\\leagues_page\\Standing\\fullViewItem.dart","5"
"C:\\Users\\user\\Documents\\frontend\\lib\\shared\\widgets\\match_detail\\build_lineup_card.dart","5"
"C:\\Users\\user\\Documents\\frontend\\lib\\features\\standing\\pages\\standing\\leagues_page\\top_scorers\\top_yellow_card.dart","5"
"C:\\Users\\user\\Documents\\frontend\\lib\\features\\standing\\pages\\standing\\leagues_page\\seasonsCard.dart","5"
"C:\\Users\\user\\Documents\\frontend\\lib\\state\\application\\seasons_page\\seasons_page_bloc.dart","5"
"C:\\Users\\user\\Documents\\frontend\\lib\\state\\bloc\\mirchaweche\\teams\\last_five_matches\\last_five_matches_bloc.dart","5"
"C:\\Users\\user\\Documents\\frontend\\lib\\state\\bloc\\lineups\\lineups_bloc.dart","5"
"C:\\Users\\user\\Documents\\frontend\\lib\\state\\bloc\\news\\news_bloc.dart","5"
"C:\\Users\\user\\Documents\\frontend\\lib\\features\\standing\\pages\\standing\\leagues_page\\dropdown\\dropdownMenu.dart","5"
"C:\\Users\\user\\Documents\\frontend\\lib\\features\\standing\\pages\\standing\\leagues_page\\knockout\\final.dart","5"
"C:\\Users\\user\\Documents\\frontend\\lib\\features\\standing\\pages\\standing\\leagues_page\\seasons\\seasons_table_view.dart","5"
"C:\\Users\\user\\Documents\\frontend\\lib\\services\\playlist_repository.dart","5"
"C:\\Users\\user\\Documents\\frontend\\lib\\features\\payment\\pages\\countdown.dart","5"
"C:\\Users\\user\\Documents\\frontend\\lib\\state\\application\\matchdetail\\fixtureEvents\\events\\bloc\\fixtureevent_bloc.dart","5"
"C:\\Users\\user\\Documents\\frontend\\lib\\features\\matches\\pages\\matches\\match_status.dart","5"
"C:\\Users\\user\\Documents\\frontend\\lib\\features\\navigation\\pages\\quiz\\quiz_timer.dart","5"
"C:\\Users\\user\\Documents\\frontend\\lib\\components\\oppositeColor.dart","5"
"C:\\Users\\user\\Documents\\frontend\\lib\\features\\standing\\pages\\standing\\LeaguesList.dart","5"
"C:\\Users\\user\\Documents\\frontend\\lib\\data\\providers\\playerPreferencesDataProvider.dart","5"
"C:\\Users\\user\\Documents\\frontend\\lib\\state\\application\\matchdetail\\match\\match_bloc.dart","4"
"C:\\Users\\user\\Documents\\frontend\\lib\\state\\bloc\\highlightTv_bloc\\highlightTv_bloc.dart","4"
"C:\\Users\\user\\Documents\\frontend\\lib\\data\\providers\\teamDataProvider.dart","4"
"C:\\Users\\user\\Documents\\frontend\\lib\\state\\bloc\\mirchaweche\\teams\\team_profile_statistics\\team_profile_statistics_bloc.dart","4"
"C:\\Users\\user\\Documents\\frontend\\lib\\features\\leagues\\pages\\top_teams_page.dart","4"
"C:\\Users\\user\\Documents\\frontend\\lib\\presentation\\player\\playerWidget_.dart","4"
"C:\\Users\\user\\Documents\\frontend\\lib\\data\\providers\\playerProfileDataProvider.dart","4"
"C:\\Users\\user\\Documents\\frontend\\lib\\state\\application\\team\\team_bloc.dart","4"
"C:\\Users\\user\\Documents\\frontend\\lib\\features\\leagues\\pages\\list_maker.dart","4"
"C:\\Users\\user\\Documents\\frontend\\lib\\functions\\download_and_save_image.dart","4"
"C:\\Users\\user\\Documents\\frontend\\lib\\features\\navigation\\pages\\quiz\\quiz_repository.dart","4"
"C:\\Users\\user\\Documents\\frontend\\lib\\shared\\widgets\\standing_table_teams_list.dart","4"
"C:\\Users\\user\\Documents\\frontend\\lib\\shared\\widgets\\progressbar.dart","4"
"C:\\Users\\user\\Documents\\frontend\\lib\\state\\bloc\\leagues_page\\top_yellow_card\\top_yellow_bloc.dart","4"
"C:\\Users\\user\\Documents\\frontend\\lib\\features\\payment\\pages\\telebirr.dart","4"
"C:\\Users\\user\\Documents\\frontend\\lib\\features\\standing\\pages\\standing\\leagues_page\\Standing\\rank_name_others_line.dart","4"
"C:\\Users\\user\\Documents\\frontend\\lib\\shared\\widgets\\match_detail\\tabbarItem.dart","4"
"C:\\Users\\user\\Documents\\frontend\\lib\\features\\standing\\pages\\standing\\leagues_page\\seasons.dart","4"
"C:\\Users\\user\\Documents\\frontend\\lib\\features\\standing\\pages\\standing\\leagues_page\\Standing\\firstRowForForm.dart","4"
"C:\\Users\\user\\Documents\\frontend\\lib\\features\\onboarding\\pages\\language.dart","4"
"C:\\Users\\user\\Documents\\frontend\\lib\\state\\bloc\\leagues_page\\top_scorer\\top_scorers_bloc.dart","4"
"C:\\Users\\user\\Documents\\frontend\\lib\\state\\bloc\\leagues_page\\top_red\\top_red_bloc.dart","4"
"C:\\Users\\user\\Documents\\frontend\\lib\\state\\bloc\\matches_page_highlights_page\\bloc\\highlights_page_bloc.dart","3"
"C:\\Users\\user\\Documents\\frontend\\lib\\state\\bloc\\leagues_page\\top_assist\\top_assist_bloc.dart","3"
"C:\\Users\\user\\Documents\\frontend\\lib\\state\\bloc\\highlightTv_bloc\\highlightTv_State.dart","3"
"C:\\Users\\user\\Documents\\frontend\\lib\\state\\bloc\\knockout\\Knockout_bloc.dart","3"
"C:\\Users\\user\\Documents\\frontend\\lib\\state\\bloc\\live_tv\\live_tv_bloc.dart","3"
"C:\\Users\\user\\Documents\\frontend\\lib\\shared\\widgets\\match_detail\\details\\shot_widget.dart","3"
"C:\\Users\\user\\Documents\\frontend\\lib\\data\\repositories\\podcasts_repository.dart","3"
"C:\\Users\\user\\Documents\\frontend\\lib\\shared\\widgets\\title.dart","3"
"C:\\Users\\user\\Documents\\frontend\\lib\\state\\application\\enadamt\\podcast\\podcast_bloc.dart","3"
"C:\\Users\\user\\Documents\\frontend\\lib\\state\\application\\enadamt\\podcast\\podcast_cache_manager.dart","3"
"C:\\Users\\user\\Documents\\frontend\\lib\\data\\providers\\productDataProvider.dart","3"
"C:\\Users\\user\\Documents\\frontend\\lib\\state\\application\\testing\\bloc\\audio_event.dart","3"
"C:\\Users\\user\\Documents\\frontend\\lib\\state\\application\\matchdetail\\matchStatistics\\match_statistics_bloc.dart","3"
"C:\\Users\\user\\Documents\\frontend\\lib\\shared\\widgets\\artist.dart","3"
"C:\\Users\\user\\Documents\\frontend\\lib\\state\\application\\favourite_player\\favouriteplayer_bloc.dart","3"
"C:\\Users\\user\\Documents\\frontend\\lib\\state\\bloc\\matches_page_highlights_page\\bloc\\highlights_page_event.dart","3"
"C:\\Users\\user\\Documents\\frontend\\lib\\features\\auth\\services\\firebase_auth_helpers.dart","3"
"C:\\Users\\user\\Documents\\frontend\\lib\\features\\news\\pages\\news\\transfer_news\\top_transfer\\transfer\\transfer_model.dart","3"
"C:\\Users\\user\\Documents\\frontend\\lib\\components\\routenames.dart","3"
"C:\\Users\\user\\Documents\\frontend\\lib\\state\\bloc\\payment_bloc\\payment_bloc.dart","3"
"C:\\Users\\user\\Documents\\frontend\\lib\\features\\matches\\pages\\matches\\match_detail\\widgets\\timer.dart","3"
"C:\\Users\\user\\Documents\\frontend\\lib\\features\\standing\\pages\\standing\\leagues_page\\knockout\\knockout_widget.dart","3"
"C:\\Users\\user\\Documents\\frontend\\lib\\functions\\localised_player_name.dart","3"
"C:\\Users\\user\\Documents\\frontend\\lib\\features\\standing\\pages\\standing\\leagues_page\\Standing\\fullForm_titles.dart","3"
"C:\\Users\\user\\Documents\\frontend\\lib\\core\\network\\api_manager.dart","3"
"C:\\Users\\user\\Documents\\frontend\\lib\\state\\bloc\\video\\video_bloc.dart","3"
"C:\\Users\\user\\Documents\\frontend\\lib\\features\\matches\\pages\\matches\\match_detail\\widgets\\polles.dart","3"
"C:\\Users\\user\\Documents\\frontend\\lib\\state\\bloc\\mirchaweche\\players\\player_profile\\player_profile_bloc.dart","3"
"C:\\Users\\user\\Documents\\frontend\\lib\\features\\onboarding\\pages\\waiting_modal.dart","3"
"C:\\Users\\user\\Documents\\frontend\\lib\\state\\bloc\\quiz_bloc\\quiz_bloc.dart","2"
"C:\\Users\\user\\Documents\\frontend\\lib\\state\\bloc\\video\\videoState.dart","2"
"C:\\Users\\user\\Documents\\frontend\\lib\\state\\application\\favourite_player\\PlayerSelection_state.dart","2"
"C:\\Users\\user\\Documents\\frontend\\lib\\state\\application\\enadamt\\podcast\\podcast_state.dart","2"
"C:\\Users\\user\\Documents\\frontend\\lib\\state\\bloc\\social_media\\social_media_state.dart","2"
"C:\\Users\\user\\Documents\\frontend\\lib\\state\\application\\auth\\auth_state.dart","2"
"C:\\Users\\user\\Documents\\frontend\\lib\\state\\bloc\\podcast\\podcast_state.dart","2"
"C:\\Users\\user\\Documents\\frontend\\lib\\state\\application\\matchdetail\\head_to_head\\head_to_head_state.dart","2"
"C:\\Users\\user\\Documents\\frontend\\lib\\state\\bloc\\mirchaweche\\players\\player_teammates\\teammates_state.dart","2"
"C:\\Users\\user\\Documents\\frontend\\lib\\state\\bloc\\mirchaweche\\teams\\last_five_matches\\last_five_matches_state.dart","2"
"C:\\Users\\user\\Documents\\frontend\\lib\\state\\bloc\\mirchaweche\\teams\\previous&next_matchs\\match_page_state.dart","2"
"C:\\Users\\user\\Documents\\frontend\\lib\\state\\bloc\\mirchaweche\\players\\player_profile\\player_profile_state.dart","2"
"C:\\Users\\user\\Documents\\frontend\\lib\\state\\bloc\\live_tv\\live_tv_State.dart","2"
"C:\\Users\\user\\Documents\\frontend\\lib\\state\\bloc\\mirchaweche\\my_fav\\my_fav_player\\myfavourite_players_state.dart","2"
"C:\\Users\\user\\Documents\\frontend\\lib\\state\\bloc\\mirchaweche\\my_fav\\my_fav_team\\myfavouriteteams_state.dart","2"
"C:\\Users\\user\\Documents\\frontend\\lib\\state\\bloc\\matches_page_highlights_page\\bloc\\highlights_page_state.dart","2"
"C:\\Users\\user\\Documents\\frontend\\lib\\state\\application\\matchdetail\\matchStatistics\\match_statistics_state.dart","2"
"C:\\Users\\user\\Documents\\frontend\\lib\\state\\bloc\\news\\news_event.dart","2"
"C:\\Users\\user\\Documents\\frontend\\lib\\state\\application\\matchdetail\\match\\match_state.dart","2"
"C:\\Users\\user\\Documents\\frontend\\lib\\components\\getAmharicDay.dart","2"
"C:\\Users\\user\\Documents\\frontend\\lib\\state\\bloc\\mirchaweche\\teams\\team_profile_standing\\team_profile_standing_state.dart","2"
"C:\\Users\\user\\Documents\\frontend\\lib\\state\\bloc\\mirchaweche\\teams\\team_profile_statistics\\team_profile_statistics_state.dart","2"
"C:\\Users\\user\\Documents\\frontend\\lib\\domain\\product\\product.dart","2"
"C:\\Users\\user\\Documents\\frontend\\lib\\domain\\player\\playerProfileRepository.dart","2"
"C:\\Users\\user\\Documents\\frontend\\lib\\services\\page_manager.dart","2"
"C:\\Users\\user\\Documents\\frontend\\lib\\shared\\constants\\date_logic.dart","2"
"C:\\Users\\user\\Documents\\frontend\\lib\\services\\sync_service.dart","2"
"C:\\Users\\user\\Documents\\frontend\\lib\\domain\\team\\teamRepository.dart","2"
"C:\\Users\\user\\Documents\\frontend\\lib\\domain\\product\\productRepository.dart","2"
"C:\\Users\\user\\Documents\\frontend\\lib\\models\\social_media\\social_media_model.dart","2"
"C:\\Users\\user\\Documents\\frontend\\lib\\features\\navigation\\pages\\quiz\\quiz_result.dart","2"
"C:\\Users\\user\\Documents\\frontend\\lib\\features\\favourites\\pages\\favourites_page\\favourites_page\\player\\details\\player_position_translation.dart","2"
"C:\\Users\\user\\Documents\\frontend\\lib\\features\\standing\\pages\\standing\\group_row.dart","2"
"C:\\Users\\user\\Documents\\frontend\\lib\\domain\\PlayerPreference\\playerPreferencesRepository.dart","2"
"C:\\Users\\user\\Documents\\frontend\\lib\\models\\fixtures\\match_statistics.dart","2"
"C:\\Users\\user\\Documents\\frontend\\lib\\state\\application\\Favourite_team\\favouriteteam_state.dart","2"
"C:\\Users\\user\\Documents\\frontend\\lib\\shared\\styles\\social_media.dart","2"
"C:\\Users\\user\\Documents\\frontend\\lib\\features\\news\\pages\\news\\main_news\\widgets\\trending_news_section.dart","2"
"C:\\Users\\user\\Documents\\frontend\\lib\\domain\\player\\playerName.dart","1"
"C:\\Users\\user\\Documents\\frontend\\lib\\legacy\\notifications\\showNotification.dart","1"
"C:\\Users\\user\\Documents\\frontend\\lib\\state\\bloc\\mirchaweche\\players\\player_teammates\\teammates_event.dart","1"
"C:\\Users\\user\\Documents\\frontend\\lib\\domain\\player\\playerProfile.dart","1"
"C:\\Users\\user\\Documents\\frontend\\lib\\models\\fixtureByLeague.dart","1"
"C:\\Users\\user\\Documents\\frontend\\lib\\functions\\translate_type.dart","1"
"C:\\Users\\user\\Documents\\frontend\\lib\\models\\favourites_page\\teams\\teamstas\\teamProfileStat.dart","1"
"C:\\Users\\user\\Documents\\frontend\\lib\\models\\Live_Tv_model.dart","1"
"C:\\Users\\user\\Documents\\frontend\\lib\\state\\bloc\\live_tv\\m3u_parser.dart","1"
"C:\\Users\\user\\Documents\\frontend\\lib\\models\\HighlighTv_model.dart","1"
"C:\\Users\\user\\Documents\\frontend\\lib\\components\\timeFormatter.dart","1"
"C:\\Users\\user\\Documents\\frontend\\lib\\domain\\player\\playerStatisticsModel.dart","1"
"C:\\Users\\user\\Documents\\frontend\\lib\\models\\favourites_page\\squadModel.dart","1"
"C:\\Users\\user\\Documents\\frontend\\lib\\state\\bloc\\quiz_bloc\\quiz_state.dart","1"
"C:\\Users\\user\\Documents\\frontend\\lib\\state\\bloc\\lineups\\lineups_event.dart","1"
"C:\\Users\\user\\Documents\\frontend\\lib\\features\\navigation\\pages\\theme_provider.dart","1"
"C:\\Users\\user\\Documents\\frontend\\lib\\features\\news\\pages\\news\\foryou\\foryouTransCard.dart","1"
"C:\\Users\\user\\Documents\\frontend\\lib\\features\\onboarding\\pages\\videointro.dart","1"
"C:\\Users\\user\\Documents\\frontend\\lib\\util\\baseUrl.dart","1"
"C:\\Users\\user\\Documents\\frontend\\lib\\features\\news\\pages\\news\\transfer_news\\top_transfer\\transfer\\transfer_state.dart","1"
"C:\\Users\\user\\Documents\\frontend\\lib\\state\\bloc\\video\\videoEvent.dart","1"
"C:\\Users\\user\\Documents\\frontend\\lib\\features\\auth\\services\\social_auth_service.dart","1"
"C:\\Users\\user\\Documents\\frontend\\lib\\features\\standing\\pages\\standing\\top_teams_shimmer\\Top_teams_shimmer.dart","1"
"C:\\Users\\user\\Documents\\frontend\\lib\\features\\auth\\services\\getDeviceInfo.dart","1"
"C:\\Users\\user\\Documents\\frontend\\lib\\state\\bloc\\mirchaweche\\teams\\team_profile_standing\\team_profile_standing_event.dart","1"
"C:\\Users\\user\\Documents\\frontend\\lib\\state\\bloc\\standings\\bloc\\content_event.dart","1"
"C:\\Users\\user\\Documents\\frontend\\lib\\features\\standing\\pages\\standing\\leagues_page\\styles\\styles.dart","1"
"C:\\Users\\user\\Documents\\frontend\\lib\\features\\enadamt\\pages\\enadamt\\audio_handler_new.dart","1"
"C:\\Users\\user\\Documents\\frontend\\lib\\components\\dominant_color_generator.dart","1"
"C:\\Users\\user\\Documents\\frontend\\lib\\core\\network\\baseUrl.dart","1"
"C:\\Users\\user\\Documents\\frontend\\lib\\state\\application\\product\\product_state.dart","1"
"C:\\Users\\user\\Documents\\frontend\\lib\\state\\application\\scroller\\scroller_bloc.dart","1"
"C:\\Users\\user\\Documents\\frontend\\lib\\services\\audio_handler.dart","1"
"C:\\Users\\user\\Documents\\frontend\\lib\\state\\application\\product\\product_bloc.dart","1"
"C:\\Users\\user\\Documents\\frontend\\lib\\domain\\player\\player.model.dart","1"
"C:\\Users\\user\\Documents\\frontend\\lib\\pages\\functions\\localisedPlayerName.dart","1"
"C:\\Users\\user\\Documents\\frontend\\lib\\state\\application\\team\\team_state.dart","1"
"C:\\Users\\user\\Documents\\frontend\\lib\\state\\application\\seasons_page\\seasons_page_state.dart","1"
"C:\\Users\\user\\Documents\\frontend\\lib\\pages\\testa_gebeya\\e-commerce.dart","1"
"C:\\Users\\user\\Documents\\frontend\\lib\\state\\application\\favourite_league\\favourite_league_bloc.dart","1"
"C:\\Users\\user\\Documents\\frontend\\lib\\state\\application\\favourite_player\\PlayerSelection_event.dart","1"
"C:\\Users\\user\\Documents\\frontend\\lib\\domain\\PlayerPreference\\PlayerPreference.dart","1"
"C:\\Users\\user\\Documents\\frontend\\lib\\domain\\PlayerPreference\\PlayerPreferenceFailure.dart","1"
"C:\\Users\\user\\Documents\\frontend\\lib\\shared\\constants\\teamName.dart","1"
"C:\\Users\\user\\Documents\\frontend\\lib\\services\\local_notification_service.dart","1"
"C:\\Users\\user\\Documents\\frontend\\lib\\domain\\player\\Players_for_selection_model.dart","1"
"C:\\Users\\user\\Documents\\frontend\\lib\\state\\application\\favourite_player\\favouriteplayer_state.dart","1"
"C:\\Users\\user\\Documents\\frontend\\lib\\state\\application\\matchdetail\\fixtureEvents\\events\\bloc\\fixtureevent_state.dart","1"
"C:\\Users\\user\\Documents\\frontend\\lib\\state\\application\\testing\\bloc\\audio_bloc.dart","1"
"C:\\Users\\user\\Documents\\frontend\\lib\\state\\bloc\\leagues_page\\top_red\\top_red_state.dart","1"
"C:\\Users\\user\\Documents\\frontend\\lib\\domain\\player\\playerModel.dart","1"
"C:\\Users\\user\\Documents\\frontend\\lib\\state\\bloc\\leagues_page\\top_assist\\top_assist_state.dart","1"
"C:\\Users\\user\\Documents\\frontend\\lib\\models\\leagueNames.dart","1"
"C:\\Users\\user\\Documents\\frontend\\lib\\state\\bloc\\leagues_page\\top_scorer\\top_scorers_state.dart","1"
"C:\\Users\\user\\Documents\\frontend\\lib\\core\\storage\\delete_hive_box.dart","1"
"C:\\Users\\user\\Documents\\frontend\\lib\\state\\bloc\\lineups\\lineups_state.dart","1"
"C:\\Users\\user\\Documents\\frontend\\lib\\state\\application\\auth\\auth_event.dart","1"
"C:\\Users\\user\\Documents\\frontend\\lib\\state\\bloc\\leagues_page\\top_yellow_card\\top_yellow_state.dart","1"
"C:\\Users\\user\\Documents\\frontend\\lib\\models\\standings\\standings.dart","1"
"C:\\Users\\user\\Documents\\frontend\\lib\\state\\bloc\\highlightTv_bloc\\highlightTv_Event.dart","1"
"C:\\Users\\user\\Documents\\frontend\\lib\\models\\teamName.dart","1"
"C:\\Users\\user\\Documents\\frontend\\lib\\state\\application\\volume_bloc\\volume_bloc.dart","1"
"C:\\Users\\user\\Documents\\frontend\\lib\\models\\program_card\\PodcastModel.dart","1"
"C:\\Users\\user\\Documents\\frontend\\lib\\models\\playerWithTeam.dart","1"
"C:\\Users\\user\\Documents\\frontend\\lib\\models\\leagues_page\\top_scorer.model.dart","1"
"C:\\Users\\user\\Documents\\frontend\\lib\\state\\bloc\\knockout\\Knock_out_event.dart","1"
"C:\\Users\\user\\Documents\\frontend\\lib\\state\\bloc\\knockout\\Knock_out_state.dart","1"
